CandidateID,CandidateName,Gender,Education,ExperienceYears,City,JobRole,Source,Skills,ResumeScore,ApplicationDate,Status,Shortlisted,TimeToHireDays
C0001,Santhosh Ahmed,Female,B.Tech,3,Chennai,HR Analyst,Company Website,"Excel, Python, Statistics, Git",66,2025-05-06,Interview,True,
C0002,Nisha Ali,Male,B.Tech,2,Coimbatore,Data Analyst,LinkedIn,"SQL, Excel, Power BI, Statistics, HTML/CSS",60,2025-11-05,Selected,True,20.0
C0003,Aditya Sharma,Male,M.Tech,3,Hyderabad,Data Analyst,Company Website,"SQL, Excel, Power BI, Java, Python, Statistics",79,2025-06-24,Rejected,False,
C0004,Meera Joseph,Male,MCA,1,Mumbai,Business Analyst,Naukri,"Communication, Python, Statistics",55,2025-08-24,Rejected,False,
C0005,Imran Menon,Male,B.E.,0,Bengaluru,QA Engineer,LinkedIn,"Python, Power BI, HTML/CSS, Communication, Tableau",61,2025-04-27,Interview,True,
C0006,Keerthi Rao,Female,B.Sc,1,Singapore,Software Developer,LinkedIn,"AWS, Git, Excel",50,2025-05-17,Shortlisted,True,
C0007,Aisha Khan,Male,BCA,1,Pune,Software Developer,Indeed,"Git, Java, SQL, Power BI",62,2025-11-24,Interview,True,
C0008,Rahul Reddy,Female,B.Sc,3,Bengaluru,Data Scientist,LinkedIn,"Python, Statistics, Machine Learning, Power BI, Git, Communication",62,2025-10-18,Rejected,False,
C0009,Aisha Joseph,Female,MBA,1,Mumbai,Software Developer,Company Website,"Java, Power BI, Excel, Statistics, Machine Learning, SQL",69,2025-08-08,Interview,True,
C0010,Imran Singh,Male,MBA,0,Hyderabad,Software Developer,Naukri,"Communication, HTML/CSS, AWS",54,2025-08-05,Rejected,False,
C0011,Priya Ali,Female,M.Tech,2,Chennai,QA Engineer,Company Website,"Git, Java, Python, Tableau, Communication",69,2025-02-28,Rejected,False,
C0012,Kavin Patel,Male,MBA,8,Mumbai,HR Analyst,Job Fair,"Git, Tableau, Statistics",98,2025-04-02,Selected,True,26.0
C0013,Aisha Iyer,Female,MCA,4,Chennai,Software Developer,Company Website,"Python, Java, Tableau",77,2025-09-08,Selected,True,14.0
C0014,Priya Reddy,Male,MBA,0,Kochi,Data Analyst,Naukri,"SQL, Excel, Power BI, Git, Machine Learning, Statistics",42,2025-09-30,Screening,False,
C0015,Nisha Sharma,Male,MCA,0,Coimbatore,Software Developer,Company Website,"Machine Learning, Statistics, HTML/CSS, Python, Power BI",47,2025-07-24,Rejected,False,
C0016,Nisha Sharma,Female,MCA,3,Coimbatore,Data Analyst,Company Website,"SQL, Excel, Power BI, HTML/CSS, Git",78,2025-01-04,Screening,False,
C0017,Fathima Khan,Male,B.Tech,2,Coimbatore,Business Analyst,Indeed,"Statistics, Excel, AWS, Machine Learning",56,2025-09-06,Selected,True,14.0
C0018,Rohan Khan,Female,B.Tech,3,Bengaluru,Software Developer,Company Website,"Communication, Machine Learning, SQL, Python, AWS, Power BI",76,2025-07-01,Rejected,False,
C0019,Keerthi Sharma,Female,B.E.,0,Coimbatore,Software Developer,Referral,"Excel, Tableau, Machine Learning, Power BI, Python, Statistics",42,2025-03-13,Interview,True,
C0020,Aditya Bose,Female,MCA,2,Chennai,HR Analyst,Job Fair,"Communication, Machine Learning, Git, Power BI",74,2025-05-02,Interview,True,
C0021,Meera Iyer,Female,BCA,3,Chennai,Software Developer,Job Fair,"Tableau, Communication, Statistics, Machine Learning, Excel, Python",81,2025-05-16,Shortlisted,True,
C0022,Harish Patel,Female,MBA,0,Chennai,QA Engineer,Company Website,"AWS, Machine Learning, Statistics",62,2025-01-30,Selected,True,34.0
C0023,Santhosh Das,Female,B.Tech,0,Hyderabad,QA Engineer,LinkedIn,"Communication, Python, AWS, Power BI",61,2025-02-04,Applied,False,
C0024,Aditya Patel,Male,B.Tech,1,Pune,QA Engineer,Company Website,"Tableau, Power BI, Java, Git, HTML/CSS",44,2025-10-17,Rejected,False,
C0025,Harish Reddy,Female,B.Sc,2,Bengaluru,Data Scientist,LinkedIn,"Python, Statistics, Machine Learning, Power BI",58,2025-11-15,Applied,False,
C0026,Keerthi Reddy,Female,B.Tech,3,Coimbatore,Business Analyst,Indeed,"Statistics, Tableau, AWS, HTML/CSS, SQL, Java",77,2025-03-22,Screening,False,
C0027,Rohan Iyer,Male,B.Sc,5,Bengaluru,Software Developer,Job Fair,"Tableau, HTML/CSS, AWS, Power BI",79,2025-10-11,Rejected,False,
C0028,Aisha Kumar,Male,BCA,2,Mumbai,QA Engineer,Job Fair,"Git, Communication, Tableau",59,2025-01-27,Screening,False,
C0029,Aisha Joseph,Male,MBA,0,Mumbai,Software Developer,LinkedIn,"Statistics, SQL, Python, AWS, Excel, Tableau",58,2025-08-15,Rejected,False,
C0030,Ananya Nair,Male,MCA,3,Hyderabad,QA Engineer,Referral,"Java, SQL, HTML/CSS, Power BI, Statistics",69,2025-01-22,Shortlisted,True,
C0031,Rohan Khan,Male,MBA,0,Hyderabad,QA Engineer,Job Fair,"Excel, Communication, SQL, HTML/CSS",68,2025-05-02,Applied,False,
C0032,Nisha Iyer,Male,M.Tech,2,Coimbatore,HR Analyst,Indeed,"Communication, SQL, Machine Learning",50,2025-12-26,Rejected,False,
C0033,Vikram Nair,Male,B.Sc,3,Coimbatore,Business Analyst,LinkedIn,"Communication, Java, Tableau, Python",63,2025-12-04,Rejected,False,
C0034,Zoya Ahmed,Male,M.Tech,3,Singapore,HR Analyst,Job Fair,"Excel, AWS, Tableau, SQL, Python",68,2025-03-01,Rejected,False,
C0035,Vikram Kumar,Male,M.Tech,3,Singapore,HR Analyst,Referral,"Communication, AWS, Power BI",70,2025-09-19,Interview,True,
C0036,Sneha Nair,Male,MCA,1,Coimbatore,Data Analyst,Indeed,"SQL, Excel, Power BI, AWS, Java, Python",67,2025-02-05,Shortlisted,True,
C0037,Aarav Reddy,Male,B.Sc,5,Hyderabad,HR Analyst,LinkedIn,"Git, Excel, AWS, Tableau, Communication, Statistics",90,2025-12-07,Rejected,False,
C0038,Meera Singh,Male,BCA,1,Singapore,Software Developer,Referral,"Statistics, Machine Learning, Excel, Python",65,2025-08-15,Rejected,False,
C0039,Zoya Joseph,Female,M.Tech,6,Coimbatore,Data Analyst,Company Website,"SQL, Excel, Power BI, Git",93,2025-04-26,Selected,True,22.0
C0040,Sneha Iyer,Female,BCA,0,Coimbatore,Data Scientist,Company Website,"Python, Statistics, Machine Learning, Communication, Power BI, Excel",53,2025-07-16,Rejected,False,
C0041,Harish Singh,Male,MCA,0,Kochi,HR Analyst,LinkedIn,"Machine Learning, Excel, HTML/CSS",69,2025-05-08,Rejected,False,
C0042,Vikram Khan,Male,MCA,1,Pune,Data Scientist,Naukri,"Python, Statistics, Machine Learning, Excel, Git, Tableau",57,2025-10-08,Screening,False,
C0043,Arjun Patel,Female,B.E.,4,Mumbai,HR Analyst,Referral,"Tableau, Java, Git, Statistics",61,2025-05-27,Shortlisted,True,
C0044,Kavin Joseph,Male,BCA,0,Hyderabad,Software Developer,Company Website,"Communication, Java, Statistics, Machine Learning, HTML/CSS, SQL",54,2025-02-02,Screening,False,
C0045,Sneha Singh,Female,M.Tech,3,Chennai,Data Scientist,Naukri,"Python, Statistics, Machine Learning, SQL, Java, Tableau",77,2025-10-22,Rejected,False,
C0046,Zoya Singh,Female,B.E.,3,Mumbai,Data Scientist,Referral,"Python, Statistics, Machine Learning, Java, Git, Communication",70,2025-01-15,Screening,False,
C0047,Aditya Nair,Female,MCA,1,Chennai,Data Scientist,LinkedIn,"Python, Statistics, Machine Learning, Excel, SQL, Tableau",62,2025-08-08,Screening,False,
C0048,Keerthi Kumar,Male,B.Sc,3,Singapore,Data Scientist,Naukri,"Python, Statistics, Machine Learning, Communication, Tableau, SQL",61,2025-07-14,Selected,True,30.0
C0049,Aarav Das,Female,MBA,3,Bengaluru,Software Developer,Naukri,"SQL, Power BI, Git",59,2025-11-30,Interview,True,
C0050,Zoya Das,Female,B.E.,4,Kochi,Software Developer,Company Website,"Machine Learning, Tableau, Java, Excel",63,2025-10-16,Rejected,False,
C0051,Meera Joseph,Female,B.Sc,4,Bengaluru,Software Developer,Referral,"Communication, Power BI, Python, Git, AWS, Java",83,2025-06-09,Interview,True,
C0052,Fathima Sharma,Male,M.Tech,1,Chennai,QA Engineer,Indeed,"Python, Statistics, Java, SQL, Communication",61,2025-08-08,Rejected,False,
C0053,Fathima Ali,Male,MBA,4,Kochi,Business Analyst,Company Website,"HTML/CSS, Statistics, Tableau, Git",73,2025-08-11,Screening,False,
C0054,Imran Das,Male,MCA,8,Mumbai,HR Analyst,Indeed,"Tableau, Machine Learning, Power BI",96,2025-05-06,Rejected,False,
C0055,Vikram Singh,Female,B.Tech,0,Kochi,Business Analyst,Naukri,"Power BI, Java, Tableau, Git, AWS, Machine Learning",61,2025-04-04,Selected,True,29.0
C0056,Aarav Sharma,Male,B.E.,0,Bengaluru,QA Engineer,Indeed,"Statistics, Power BI, Machine Learning, AWS, HTML/CSS, Communication",56,2025-07-28,Applied,False,
C0057,Keerthi Nair,Male,BCA,2,Coimbatore,Software Developer,Indeed,"Machine Learning, Statistics, Git, Java, Communication",68,2025-10-25,Selected,True,30.0
C0058,Ananya Rao,Female,BCA,2,Mumbai,HR Analyst,Indeed,"HTML/CSS, Power BI, Java",69,2025-04-29,Applied,False,
C0059,Priya Reddy,Female,B.E.,1,Kochi,Software Developer,Indeed,"Python, Power BI, Tableau, Git, Java",64,2025-10-29,Screening,False,
C0060,Santhosh Reddy,Male,MCA,0,Hyderabad,HR Analyst,Indeed,"HTML/CSS, Excel, Machine Learning, Python, SQL",50,2025-01-28,Applied,False,
C0061,Santhosh Menon,Female,BCA,4,Singapore,Data Scientist,LinkedIn,"Python, Statistics, Machine Learning, Git, Communication, HTML/CSS",88,2025-01-27,Selected,True,9.0
C0062,Zoya Khan,Female,B.E.,2,Mumbai,Software Developer,LinkedIn,"Statistics, Communication, AWS",52,2025-05-08,Interview,True,
C0063,Kavin Menon,Female,BCA,4,Kochi,QA Engineer,Job Fair,"Tableau, AWS, Git, SQL, Python, Communication",81,2025-06-02,Rejected,False,
C0064,Imran Rao,Male,MBA,3,Bengaluru,Business Analyst,LinkedIn,"Excel, SQL, Communication",75,2025-03-30,Applied,False,
C0065,Ananya Singh,Female,B.Tech,3,Coimbatore,Business Analyst,Indeed,"Python, Git, Power BI, Tableau, AWS, Machine Learning",98,2025-05-25,Interview,True,
C0066,Santhosh Bose,Male,B.E.,4,Mumbai,HR Analyst,Naukri,"Excel, Tableau, AWS",78,2025-02-06,Rejected,False,
C0067,Zoya Kumar,Male,B.Tech,1,Kochi,Data Scientist,Company Website,"Python, Statistics, Machine Learning, Tableau, Git, AWS",55,2025-12-25,Rejected,False,
C0068,Aisha Khan,Female,B.Sc,7,Mumbai,HR Analyst,LinkedIn,"Git, Tableau, AWS",70,2025-04-28,Interview,True,
C0069,Rohan Nair,Female,MCA,1,Kochi,Data Scientist,Job Fair,"Python, Statistics, Machine Learning, Git, HTML/CSS, Java",70,2025-04-03,Shortlisted,True,
C0070,Rohan Sharma,Male,B.Sc,1,Pune,Software Developer,Company Website,"Statistics, SQL, Machine Learning, Python, Java, Excel",63,2025-05-28,Rejected,False,
C0071,Fathima Menon,Male,M.Tech,2,Chennai,QA Engineer,Company Website,"Communication, SQL, Power BI, Statistics, Java, Tableau",59,2025-10-05,Interview,True,
C0072,Priya Reddy,Female,B.E.,0,Mumbai,Data Analyst,Referral,"SQL, Excel, Power BI, HTML/CSS, Machine Learning, Python",54,2025-05-28,Rejected,False,
C0073,Vikram Ahmed,Male,BCA,1,Bengaluru,QA Engineer,LinkedIn,"Python, Git, Excel, Machine Learning, Tableau, Statistics",56,2025-02-28,Selected,True,29.0
C0074,Vikram Khan,Male,B.E.,1,Kochi,Data Scientist,Referral,"Python, Statistics, Machine Learning, AWS, Excel",72,2025-07-16,Rejected,False,
C0075,Keerthi Ali,Male,M.Tech,3,Mumbai,Business Analyst,Naukri,"AWS, HTML/CSS, Machine Learning, Excel, Git",55,2025-05-25,Interview,True,
C0076,Nisha Joseph,Male,MCA,3,Pune,Business Analyst,Referral,"HTML/CSS, Power BI, AWS, Communication",85,2025-06-14,Shortlisted,True,
C0077,Harish Das,Male,B.Sc,1,Kochi,Data Analyst,Company Website,"SQL, Excel, Power BI, Git, HTML/CSS, Machine Learning",45,2025-07-15,Rejected,False,
C0078,Rahul Sharma,Male,M.Tech,2,Kochi,Data Analyst,LinkedIn,"SQL, Excel, Power BI, HTML/CSS, Communication",82,2025-08-22,Selected,True,34.0
C0079,Arjun Iyer,Male,B.Sc,0,Pune,Business Analyst,Company Website,"Java, Git, Machine Learning, Statistics, SQL, Tableau",43,2025-06-18,Shortlisted,True,
C0080,Aarav Kumar,Male,MBA,6,Bengaluru,Software Developer,Referral,"Machine Learning, Excel, Tableau",72,2025-02-20,Rejected,False,
C0081,Priya Patel,Female,B.Sc,5,Singapore,Data Analyst,Indeed,"SQL, Excel, Power BI, Statistics, Communication, AWS",64,2025-03-16,Screening,False,
C0082,Vikram Menon,Female,M.Tech,0,Pune,QA Engineer,Company Website,"AWS, Excel, Power BI, Machine Learning, Tableau, HTML/CSS",59,2025-05-04,Interview,True,
C0083,Kavin Ahmed,Male,B.Sc,2,Hyderabad,Data Scientist,LinkedIn,"Python, Statistics, Machine Learning, Git, Communication, Tableau",59,2025-06-26,Shortlisted,True,
C0084,Aarav Das,Female,B.E.,5,Pune,Data Analyst,Referral,"SQL, Excel, Power BI, HTML/CSS, Tableau, Communication",66,2025-10-22,Shortlisted,True,
C0085,Zoya Reddy,Female,MBA,2,Kochi,QA Engineer,Naukri,"AWS, Java, Power BI, HTML/CSS",70,2025-05-27,Applied,False,
C0086,Meera Nair,Male,B.Tech,3,Chennai,HR Analyst,Indeed,"AWS, Java, Excel",61,2025-08-14,Selected,True,9.0
C0087,Ananya Ali,Female,B.E.,4,Hyderabad,Software Developer,Naukri,"Excel, Tableau, Machine Learning, Git, Java",68,2025-07-07,Selected,True,32.0
C0088,Keerthi Sharma,Male,M.Tech,1,Coimbatore,Software Developer,Naukri,"Statistics, Java, Python, Communication, SQL, Excel",68,2025-12-12,Interview,True,
C0089,Zoya Bose,Male,MBA,4,Mumbai,Business Analyst,Company Website,"Python, Git, Power BI, Machine Learning, SQL",78,2025-11-23,Screening,False,
C0090,Aisha Reddy,Male,B.E.,1,Bengaluru,QA Engineer,Company Website,"Git, Communication, Python, Excel, SQL",52,2025-08-26,Screening,False,
C0091,Ananya Joseph,Male,B.Tech,2,Coimbatore,Data Analyst,Job Fair,"SQL, Excel, Power BI, Machine Learning, Java, Statistics",63,2025-03-11,Screening,False,
C0092,Ananya Menon,Male,BCA,3,Mumbai,QA Engineer,LinkedIn,"Machine Learning, HTML/CSS, Power BI, Java",65,2025-07-09,Shortlisted,True,
C0093,Zoya Kumar,Female,MBA,4,Singapore,QA Engineer,LinkedIn,"Python, Machine Learning, HTML/CSS, Power BI",82,2025-05-22,Selected,True,27.0
C0094,Kavin Joseph,Female,B.E.,2,Hyderabad,Business Analyst,Naukri,"Statistics, Power BI, AWS",70,2025-04-16,Rejected,False,
C0095,Vikram Khan,Female,M.Tech,2,Hyderabad,Business Analyst,Naukri,"Tableau, Excel, Git",73,2025-11-02,Selected,True,24.0
C0096,Vikram Kumar,Female,MBA,3,Chennai,Data Analyst,LinkedIn,"SQL, Excel, Power BI, AWS, Java",69,2025-07-03,Shortlisted,True,
C0097,Nisha Das,Female,BCA,1,Bengaluru,HR Analyst,Company Website,"Java, Statistics, AWS, Python, Machine Learning, Tableau",76,2025-09-01,Rejected,False,
C0098,Ananya Ali,Male,M.Tech,5,Mumbai,HR Analyst,Referral,"Machine Learning, Communication, Git",87,2025-01-16,Screening,False,
C0099,Rohan Ahmed,Male,B.Tech,2,Singapore,Data Analyst,Company Website,"SQL, Excel, Power BI, Tableau, AWS, Git",54,2025-02-03,Selected,True,29.0
C0100,Kavin Ahmed,Male,MCA,0,Pune,Data Scientist,LinkedIn,"Python, Statistics, Machine Learning, Git, HTML/CSS",71,2025-12-26,Shortlisted,True,
C0101,Divya Patel,Male,BCA,4,Singapore,Software Developer,Naukri,"HTML/CSS, Python, Java, Communication, AWS, Machine Learning",84,2025-07-24,Selected,True,15.0
C0102,Ananya Ahmed,Male,B.Tech,3,Bengaluru,Data Analyst,LinkedIn,"SQL, Excel, Power BI, Statistics, Git, Java",62,2025-02-19,Selected,True,28.0
C0103,Fathima Iyer,Female,M.Tech,3,Pune,HR Analyst,Naukri,"AWS, Tableau, Java, Python, Power BI",78,2025-01-27,Selected,True,11.0
C0104,Aarav Das,Male,M.Tech,0,Singapore,Business Analyst,LinkedIn,"Communication, Statistics, AWS, Git",42,2025-05-23,Applied,False,
C0105,Arjun Patel,Female,B.E.,1,Mumbai,Data Analyst,Company Website,"SQL, Excel, Power BI, Java, AWS, Communication",55,2025-06-08,Shortlisted,True,
C0106,Aisha Patel,Female,MBA,4,Coimbatore,Data Analyst,Indeed,"SQL, Excel, Power BI, Java, Tableau, Git",74,2025-08-21,Selected,True,35.0
C0107,Harish Sharma,Male,B.Tech,2,Bengaluru,QA Engineer,Indeed,"Machine Learning, AWS, HTML/CSS, Communication, Tableau, Python",62,2025-12-05,Rejected,False,
C0108,Zoya Kumar,Female,B.Tech,5,Mumbai,Data Scientist,Company Website,"Python, Statistics, Machine Learning, Git, Tableau, SQL",84,2025-10-31,Applied,False,
C0109,Priya Patel,Male,B.Sc,0,Coimbatore,Software Developer,Naukri,"Java, Python, SQL, Machine Learning, Communication",44,2025-05-11,Rejected,False,
C0110,Imran Bose,Female,MBA,2,Coimbatore,QA Engineer,Referral,"Python, Communication, SQL, Git, AWS",74,2025-12-09,Rejected,False,
C0111,Zoya Ali,Male,MCA,3,Pune,Business Analyst,Referral,"Tableau, Python, Communication, SQL, Java, Git",70,2025-12-30,Interview,True,
C0112,Rohan Khan,Female,BCA,1,Bengaluru,Data Analyst,Indeed,"SQL, Excel, Power BI, Statistics, Python, Communication",74,2025-10-29,Interview,True,
C0113,Rahul Reddy,Female,MCA,2,Bengaluru,Data Analyst,Referral,"SQL, Excel, Power BI, Java, Git, Python",74,2025-04-10,Rejected,False,
C0114,Imran Khan,Male,MCA,2,Hyderabad,Software Developer,Naukri,"Excel, Git, Machine Learning",53,2025-12-02,Interview,True,
C0115,Meera Khan,Male,MCA,0,Singapore,HR Analyst,Naukri,"Excel, Machine Learning, Python, Git, Statistics",58,2025-11-18,Interview,True,
C0116,Arjun Das,Male,B.Tech,4,Singapore,QA Engineer,Referral,"Machine Learning, SQL, Git, Java, Tableau, AWS",85,2025-06-08,Applied,False,
C0117,Rahul Kumar,Male,MCA,2,Chennai,Data Scientist,Referral,"Python, Statistics, Machine Learning, Java, AWS",62,2025-10-20,Applied,False,
C0118,Harish Singh,Female,M.Tech,3,Singapore,Data Analyst,Job Fair,"SQL, Excel, Power BI, Machine Learning, AWS",60,2025-02-13,Applied,False,
C0119,Arjun Nair,Female,B.Sc,3,Mumbai,Business Analyst,Indeed,"Git, HTML/CSS, Java",70,2025-06-23,Shortlisted,True,
C0120,Divya Reddy,Male,MBA,2,Pune,QA Engineer,Indeed,"Java, Python, AWS, Excel",65,2025-12-03,Screening,False,
C0121,Harish Nair,Female,MCA,5,Bengaluru,Software Developer,Indeed,"Excel, Git, Statistics, Python, Communication",83,2025-07-12,Screening,False,
C0122,Ananya Singh,Female,B.Sc,2,Hyderabad,Business Analyst,Job Fair,"Power BI, HTML/CSS, Excel, AWS, Python, Statistics",48,2025-06-24,Selected,True,34.0
C0123,Aisha Ahmed,Male,B.Sc,3,Hyderabad,HR Analyst,Company Website,"Excel, AWS, HTML/CSS, Machine Learning",72,2025-03-20,Interview,True,
C0124,Meera Khan,Male,MBA,0,Coimbatore,HR Analyst,Job Fair,"HTML/CSS, Machine Learning, Power BI, Statistics, AWS",66,2025-11-09,Interview,True,
C0125,Zoya Patel,Male,B.Sc,5,Kochi,Software Developer,Referral,"Statistics, HTML/CSS, Communication, Excel, Power BI, AWS",78,2025-05-25,Screening,False,
C0126,Meera Sharma,Female,MBA,6,Kochi,Data Analyst,Naukri,"SQL, Excel, Power BI, HTML/CSS, Statistics, Python",98,2025-10-11,Shortlisted,True,
C0127,Aisha Ahmed,Male,BCA,4,Hyderabad,Business Analyst,Naukri,"Machine Learning, Java, SQL, Communication",84,2025-02-16,Rejected,False,
C0128,Aisha Reddy,Male,BCA,4,Bengaluru,Software Developer,Indeed,"Python, Git, Java, Excel, Statistics",56,2025-01-15,Shortlisted,True,
C0129,Rahul Singh,Male,M.Tech,2,Hyderabad,HR Analyst,Naukri,"AWS, SQL, Python, Git, Tableau, HTML/CSS",71,2025-08-29,Screening,False,
C0130,Imran Sharma,Female,M.Tech,6,Mumbai,Data Analyst,LinkedIn,"SQL, Excel, Power BI, Communication, AWS",73,2025-03-04,Applied,False,
C0131,Aarav Das,Male,MCA,0,Chennai,Data Scientist,Company Website,"Python, Statistics, Machine Learning, HTML/CSS, Excel, Tableau",55,2025-10-22,Applied,False,
C0132,Harish Singh,Female,MCA,0,Pune,Software Developer,LinkedIn,"Statistics, Java, Python",54,2025-12-09,Rejected,False,
C0133,Nisha Rao,Female,M.Tech,3,Kochi,Data Scientist,LinkedIn,"Python, Statistics, Machine Learning, Tableau, SQL, Java",62,2025-07-18,Rejected,False,
C0134,Rahul Sharma,Male,MBA,2,Singapore,QA Engineer,LinkedIn,"Git, Excel, Machine Learning, AWS, HTML/CSS",74,2025-06-30,Rejected,False,
C0135,Aditya Joseph,Male,B.Sc,1,Coimbatore,Data Analyst,LinkedIn,"SQL, Excel, Power BI, Java, Tableau, Statistics",50,2025-04-13,Rejected,False,
C0136,Imran Bose,Male,B.Tech,2,Coimbatore,Business Analyst,Indeed,"Tableau, Python, Java, Communication, Statistics",53,2025-01-25,Shortlisted,True,
C0137,Meera Nair,Female,B.E.,6,Kochi,Business Analyst,Company Website,"Python, Communication, HTML/CSS, Git, Excel",82,2025-07-08,Selected,True,24.0
C0138,Divya Das,Male,B.Sc,3,Mumbai,Data Analyst,Indeed,"SQL, Excel, Power BI, Machine Learning, Java, Git",78,2025-11-05,Selected,True,34.0
C0139,Zoya Menon,Male,MBA,2,Chennai,Business Analyst,LinkedIn,"Java, Statistics, Excel, SQL, AWS, Communication",63,2025-11-23,Interview,True,
C0140,Imran Nair,Male,B.E.,1,Bengaluru,Data Analyst,LinkedIn,"SQL, Excel, Power BI, Java, Communication, AWS",52,2025-11-27,Shortlisted,True,
C0141,Aarav Rao,Female,M.Tech,0,Bengaluru,Data Scientist,Referral,"Python, Statistics, Machine Learning, Communication, Java, Tableau",67,2025-09-29,Interview,True,
C0142,Kavin Sharma,Female,MCA,3,Pune,Data Scientist,Job Fair,"Python, Statistics, Machine Learning, Tableau, Power BI, HTML/CSS",73,2025-03-02,Shortlisted,True,
C0143,Arjun Singh,Male,BCA,2,Hyderabad,Data Analyst,Job Fair,"SQL, Excel, Power BI, Git, Java, HTML/CSS",53,2025-08-16,Rejected,False,
C0144,Rahul Iyer,Male,M.Tech,1,Hyderabad,Business Analyst,Company Website,"Java, Statistics, Power BI, Python",47,2025-12-25,Selected,True,13.0
C0145,Aditya Rao,Male,B.Sc,0,Singapore,Data Analyst,Referral,"SQL, Excel, Power BI, AWS, Python, Git",46,2025-10-10,Rejected,False,
C0146,Imran Menon,Male,BCA,3,Pune,QA Engineer,Naukri,"Java, Git, Python, Machine Learning",75,2025-02-07,Screening,False,
C0147,Priya Patel,Male,M.Tech,1,Hyderabad,Software Developer,Naukri,"Statistics, SQL, Python, HTML/CSS, Excel, Machine Learning",60,2025-03-08,Interview,True,
C0148,Rahul Menon,Male,B.E.,1,Singapore,HR Analyst,Job Fair,"Python, Tableau, Power BI, Statistics, Git",71,2025-09-23,Rejected,False,
C0149,Santhosh Kumar,Female,MCA,5,Bengaluru,QA Engineer,Referral,"Excel, Git, AWS, Java",68,2025-03-28,Shortlisted,True,
C0150,Meera Ali,Female,B.Tech,2,Mumbai,Data Analyst,Company Website,"SQL, Excel, Power BI, AWS, Git, Machine Learning",63,2025-10-20,Rejected,False,
C0151,Fathima Ali,Female,BCA,1,Mumbai,HR Analyst,Referral,"Excel, Machine Learning, Communication",51,2025-12-19,Rejected,False,
C0152,Rohan Iyer,Male,MCA,1,Hyderabad,Business Analyst,Indeed,"Communication, Excel, Java, Statistics, Python",55,2025-06-13,Rejected,False,
C0153,Sneha Iyer,Female,B.Sc,0,Kochi,Data Analyst,Indeed,"SQL, Excel, Power BI, Tableau, Communication, AWS",58,2025-02-19,Rejected,False,
C0154,Arjun Ahmed,Male,MCA,3,Singapore,Business Analyst,LinkedIn,"Statistics, Machine Learning, Git, Tableau, AWS, SQL",69,2025-03-23,Screening,False,
C0155,Ananya Ahmed,Female,B.E.,1,Singapore,Software Developer,LinkedIn,"AWS, Git, Machine Learning, Tableau, SQL, Communication",52,2025-05-25,Applied,False,
C0156,Kavin Nair,Male,MBA,6,Singapore,Business Analyst,Naukri,"Communication, SQL, AWS",98,2025-07-07,Selected,True,24.0
C0157,Divya Khan,Male,BCA,1,Kochi,Data Analyst,Naukri,"SQL, Excel, Power BI, Python, Communication",62,2025-05-24,Shortlisted,True,
C0158,Rohan Khan,Male,B.Sc,0,Hyderabad,QA Engineer,LinkedIn,"Statistics, SQL, Git, AWS, Excel, Java",52,2025-09-18,Interview,True,
C0159,Zoya Rao,Male,BCA,4,Hyderabad,QA Engineer,Company Website,"Java, AWS, HTML/CSS, Excel",57,2025-09-21,Selected,True,19.0
C0160,Aarav Das,Male,B.Sc,8,Kochi,QA Engineer,Company Website,"SQL, Java, Git, Python, Communication, Tableau",78,2025-06-03,Selected,True,16.0
C0161,Nisha Kumar,Female,MBA,1,Coimbatore,Business Analyst,Company Website,"Excel, Statistics, AWS, Communication, HTML/CSS, Git",57,2025-10-26,Selected,True,28.0
C0162,Aisha Rao,Female,B.Tech,1,Kochi,Software Developer,Indeed,"HTML/CSS, Power BI, Communication, Statistics, Machine Learning, AWS",64,2025-03-19,Screening,False,
C0163,Divya Menon,Male,B.E.,1,Singapore,QA Engineer,Job Fair,"Java, Excel, Machine Learning, Statistics, HTML/CSS, Tableau",79,2025-09-02,Rejected,False,
C0164,Rohan Ali,Male,BCA,3,Coimbatore,QA Engineer,Job Fair,"Power BI, Tableau, Git, HTML/CSS, Machine Learning",68,2025-05-23,Rejected,False,
C0165,Arjun Nair,Male,M.Tech,3,Mumbai,QA Engineer,Indeed,"Communication, Java, Excel, Tableau, SQL, AWS",84,2025-10-21,Rejected,False,
C0166,Nisha Kumar,Female,B.Sc,1,Kochi,HR Analyst,LinkedIn,"Statistics, Tableau, Excel, Python, Power BI",62,2025-10-03,Rejected,False,
C0167,Fathima Ali,Female,B.E.,3,Chennai,HR Analyst,LinkedIn,"Python, Git, Excel, SQL, AWS, Power BI",76,2025-06-19,Shortlisted,True,
C0168,Priya Bose,Female,B.Sc,2,Mumbai,Business Analyst,Company Website,"Statistics, SQL, Excel, Communication",71,2025-02-15,Shortlisted,True,
C0169,Zoya Sharma,Male,M.Tech,1,Kochi,Data Scientist,LinkedIn,"Python, Statistics, Machine Learning, SQL, Tableau, AWS",42,2025-05-29,Interview,True,
C0170,Imran Menon,Male,BCA,0,Kochi,Business Analyst,Job Fair,"Tableau, Power BI, Python, Java, Excel, Statistics",52,2025-03-10,Shortlisted,True,
C0171,Harish Nair,Female,B.E.,4,Chennai,HR Analyst,Company Website,"Excel, AWS, Communication, Git",73,2025-06-01,Rejected,False,
C0172,Imran Khan,Male,MBA,3,Bengaluru,Data Scientist,LinkedIn,"Python, Statistics, Machine Learning, Java, Power BI, SQL",75,2025-03-13,Rejected,False,
C0173,Meera Patel,Male,B.Sc,3,Chennai,Business Analyst,Indeed,"SQL, Git, Python, Machine Learning",78,2025-07-04,Screening,False,
C0174,Fathima Patel,Male,MCA,1,Mumbai,HR Analyst,Company Website,"Java, AWS, Power BI, Git, Excel",64,2025-11-24,Rejected,False,
C0175,Imran Singh,Male,MCA,5,Singapore,HR Analyst,Indeed,"Statistics, Git, Power BI, AWS, Python, Tableau",84,2025-10-09,Rejected,False,
C0176,Harish Ali,Female,MCA,5,Bengaluru,Data Analyst,LinkedIn,"SQL, Excel, Power BI, AWS, Statistics, HTML/CSS",76,2025-10-08,Selected,True,17.0
C0177,Santhosh Kumar,Male,B.E.,4,Kochi,HR Analyst,LinkedIn,"SQL, Machine Learning, Excel, Statistics, Communication, Power BI",64,2025-09-19,Interview,True,
C0178,Sneha Nair,Female,M.Tech,3,Mumbai,HR Analyst,Company Website,"SQL, Power BI, AWS, Python, HTML/CSS",87,2025-07-22,Rejected,False,
C0179,Rahul Khan,Male,B.Tech,0,Bengaluru,QA Engineer,Job Fair,"Tableau, Communication, Excel",65,2025-08-30,Applied,False,
C0180,Priya Singh,Male,BCA,3,Kochi,Business Analyst,Naukri,"Python, Git, Statistics, Excel, Java, SQL",57,2025-07-13,Interview,True,
C0181,Nisha Iyer,Male,B.E.,3,Coimbatore,QA Engineer,Naukri,"Machine Learning, Git, Statistics, Communication, AWS",74,2025-01-12,Applied,False,
C0182,Aarav Iyer,Female,B.E.,1,Mumbai,Business Analyst,LinkedIn,"Git, Communication, AWS",61,2025-02-27,Interview,True,
C0183,Imran Iyer,Female,B.Tech,5,Chennai,Data Analyst,Referral,"SQL, Excel, Power BI, Communication",72,2025-12-11,Applied,False,
C0184,Rahul Menon,Female,B.E.,0,Mumbai,Data Analyst,LinkedIn,"SQL, Excel, Power BI, AWS, HTML/CSS, Java",51,2025-10-22,Screening,False,
C0185,Fathima Kumar,Male,B.Sc,2,Mumbai,Data Scientist,LinkedIn,"Python, Statistics, Machine Learning, Git, HTML/CSS, Communication",72,2025-10-30,Shortlisted,True,
C0186,Keerthi Ali,Female,MBA,2,Pune,HR Analyst,Naukri,"Communication, Excel, Tableau, HTML/CSS, Git, Statistics",61,2025-06-13,Rejected,False,
C0187,Vikram Iyer,Male,B.Sc,0,Hyderabad,Software Developer,Naukri,"Communication, Statistics, Git, Excel, HTML/CSS, Python",42,2025-01-30,Applied,False,
C0188,Arjun Iyer,Female,B.Tech,0,Kochi,HR Analyst,Naukri,"SQL, Tableau, Communication, HTML/CSS",42,2025-02-17,Shortlisted,True,
C0189,Zoya Rao,Female,B.E.,2,Singapore,Data Scientist,Indeed,"Python, Statistics, Machine Learning, Power BI, HTML/CSS",48,2025-01-08,Rejected,False,
C0190,Harish Bose,Male,B.E.,0,Singapore,Data Scientist,Naukri,"Python, Statistics, Machine Learning, Git, Java, Tableau",52,2025-07-14,Shortlisted,True,
C0191,Nisha Rao,Female,B.Tech,6,Kochi,Data Scientist,Naukri,"Python, Statistics, Machine Learning, Java, HTML/CSS, Communication",92,2025-06-13,Selected,True,25.0
C0192,Keerthi Menon,Male,B.Sc,0,Pune,Data Analyst,Indeed,"SQL, Excel, Power BI, Communication, AWS, HTML/CSS",57,2025-04-11,Rejected,False,
C0193,Keerthi Ali,Female,M.Tech,1,Kochi,Business Analyst,Job Fair,"Machine Learning, Excel, Java, Git, Statistics, AWS",59,2025-11-25,Shortlisted,True,
C0194,Nisha Sharma,Female,MBA,1,Chennai,QA Engineer,Referral,"SQL, Communication, Excel",61,2025-02-08,Rejected,False,
C0195,Aarav Singh,Male,B.E.,2,Kochi,Data Analyst,Indeed,"SQL, Excel, Power BI, Git, Machine Learning, AWS",63,2025-11-13,Rejected,False,
C0196,Zoya Singh,Male,B.Sc,7,Chennai,QA Engineer,Referral,"Excel, Python, Git, Statistics, HTML/CSS, AWS",77,2025-12-24,Selected,True,13.0
C0197,Aisha Sharma,Male,B.Sc,2,Pune,Business Analyst,LinkedIn,"AWS, Power BI, Git, Tableau, Python, Java",76,2025-07-27,Shortlisted,True,
C0198,Ananya Bose,Female,BCA,5,Kochi,Data Scientist,LinkedIn,"Python, Statistics, Machine Learning, Communication, Java",58,2025-01-05,Selected,True,25.0
C0199,Aarav Iyer,Female,B.E.,3,Kochi,Software Developer,Indeed,"Statistics, AWS, SQL, Excel, Java",65,2025-02-08,Shortlisted,True,
C0200,Keerthi Nair,Male,M.Tech,4,Pune,HR Analyst,Job Fair,"AWS, Power BI, HTML/CSS, Communication",63,2025-06-03,Rejected,False,
C0201,Arjun Nair,Male,B.E.,3,Bengaluru,HR Analyst,Referral,"Python, Communication, Power BI",60,2025-06-27,Rejected,False,
C0202,Santhosh Menon,Male,B.Tech,1,Mumbai,Business Analyst,Naukri,"Power BI, Java, Statistics, Communication, AWS, Python",50,2025-08-19,Rejected,False,
C0203,Rahul Rao,Male,M.Tech,2,Mumbai,Data Analyst,Naukri,"SQL, Excel, Power BI, Tableau, Communication",64,2025-02-07,Interview,True,
C0204,Sneha Ali,Male,B.Sc,2,Bengaluru,Business Analyst,LinkedIn,"Java, Tableau, Python, Excel, AWS, Machine Learning",60,2025-06-07,Interview,True,
C0205,Arjun Rao,Female,B.Tech,3,Bengaluru,Data Analyst,Indeed,"SQL, Excel, Power BI, Communication, Tableau, HTML/CSS",69,2025-02-17,Interview,True,
C0206,Rahul Sharma,Female,MCA,1,Hyderabad,QA Engineer,Company Website,"Tableau, HTML/CSS, Git, Machine Learning",52,2025-03-28,Rejected,False,
C0207,Ananya Patel,Male,B.Sc,0,Pune,Data Scientist,Indeed,"Python, Statistics, Machine Learning, Tableau, Power BI, Git",68,2025-02-09,Screening,False,
C0208,Rohan Das,Female,BCA,0,Singapore,Data Analyst,Naukri,"SQL, Excel, Power BI, Machine Learning, Java, Communication",45,2025-07-14,Interview,True,
C0209,Aditya Reddy,Male,B.Sc,4,Hyderabad,Data Scientist,Job Fair,"Python, Statistics, Machine Learning, HTML/CSS, Git, Power BI",59,2025-06-13,Shortlisted,True,
C0210,Kavin Ali,Male,B.Tech,0,Coimbatore,Business Analyst,Company Website,"Git, Statistics, SQL, Machine Learning",47,2025-10-07,Screening,False,
C0211,Arjun Ali,Male,B.Tech,4,Pune,HR Analyst,Company Website,"Power BI, Tableau, Excel, Communication, Statistics",72,2025-03-13,Shortlisted,True,
C0212,Zoya Kumar,Male,BCA,7,Pune,QA Engineer,Referral,"Python, Power BI, Java",93,2025-07-04,Selected,True,12.0
C0213,Imran Nair,Male,M.Tech,3,Pune,Business Analyst,LinkedIn,"Power BI, Statistics, Git, AWS, HTML/CSS",68,2025-02-20,Shortlisted,True,
C0214,Rahul Nair,Male,M.Tech,1,Hyderabad,Data Scientist,Indeed,"Python, Statistics, Machine Learning, Tableau, Communication, HTML/CSS",53,2025-01-13,Selected,True,30.0
C0215,Aisha Khan,Female,BCA,0,Coimbatore,Business Analyst,Referral,"Python, Machine Learning, Git, Java, HTML/CSS, Excel",57,2025-06-28,Interview,True,
C0216,Priya Nair,Male,M.Tech,1,Singapore,Data Analyst,Company Website,"SQL, Excel, Power BI, HTML/CSS, Statistics",65,2025-12-13,Selected,True,24.0
C0217,Sneha Ahmed,Female,B.E.,3,Pune,Data Scientist,Company Website,"Python, Statistics, Machine Learning, Communication, SQL, AWS",76,2025-04-06,Interview,True,
C0218,Priya Nair,Male,B.E.,0,Coimbatore,HR Analyst,Indeed,"AWS, Python, Statistics",42,2025-12-27,Rejected,False,
C0219,Divya Joseph,Male,BCA,3,Bengaluru,Software Developer,Indeed,"AWS, Communication, HTML/CSS, Git, Python",60,2025-09-08,Selected,True,18.0
C0220,Ananya Iyer,Male,B.E.,0,Mumbai,QA Engineer,Job Fair,"Git, Excel, Java",57,2025-10-30,Rejected,False,
C0221,Fathima Menon,Female,B.E.,5,Singapore,Data Analyst,Company Website,"SQL, Excel, Power BI, Communication, AWS, HTML/CSS",69,2025-09-19,Shortlisted,True,
C0222,Fathima Patel,Female,B.E.,6,Kochi,QA Engineer,Indeed,"Machine Learning, AWS, SQL, Java, Git",79,2025-04-06,Interview,True,
C0223,Nisha Reddy,Female,MCA,4,Kochi,Data Scientist,Indeed,"Python, Statistics, Machine Learning, HTML/CSS, Git, Excel",61,2025-09-09,Selected,True,7.0
C0224,Divya Singh,Female,B.E.,7,Mumbai,Business Analyst,LinkedIn,"Statistics, HTML/CSS, Python, AWS, Tableau, Communication",86,2025-08-23,Selected,True,24.0
C0225,Arjun Ali,Female,BCA,2,Coimbatore,HR Analyst,Job Fair,"Tableau, SQL, Machine Learning, HTML/CSS",64,2025-02-22,Selected,True,18.0
C0226,Aisha Das,Male,B.E.,2,Singapore,Software Developer,Naukri,"Excel, AWS, HTML/CSS, Power BI, Statistics, Communication",78,2025-11-09,Shortlisted,True,
C0227,Rahul Khan,Male,B.Sc,4,Hyderabad,QA Engineer,Indeed,"Tableau, AWS, HTML/CSS, Statistics, Python",67,2025-12-27,Interview,True,
C0228,Fathima Patel,Male,B.Sc,4,Hyderabad,Data Analyst,Company Website,"SQL, Excel, Power BI, Java, Communication",58,2025-03-09,Rejected,False,
C0229,Divya Ali,Male,BCA,2,Pune,HR Analyst,Referral,"Communication, Statistics, Tableau",68,2025-11-21,Shortlisted,True,
C0230,Sneha Joseph,Female,MCA,3,Chennai,Business Analyst,Naukri,"Git, HTML/CSS, Java, Python, Communication, Statistics",75,2025-02-17,Interview,True,
C0231,Aisha Sharma,Male,B.Sc,4,Singapore,Data Scientist,Naukri,"Python, Statistics, Machine Learning, AWS, Java, SQL",76,2025-06-22,Shortlisted,True,
C0232,Divya Reddy,Female,B.Tech,3,Hyderabad,Data Analyst,Referral,"SQL, Excel, Power BI, Tableau, Git, AWS",69,2025-01-01,Selected,True,27.0
C0233,Kavin Ali,Female,MBA,4,Hyderabad,Business Analyst,LinkedIn,"HTML/CSS, Power BI, Communication, Python, Statistics",76,2025-11-17,Selected,True,7.0
C0234,Sneha Rao,Female,MCA,0,Coimbatore,Software Developer,Referral,"SQL, Java, Python",64,2025-08-16,Applied,False,
C0235,Rahul Ahmed,Female,B.Tech,2,Coimbatore,Data Scientist,Indeed,"Python, Statistics, Machine Learning, Java, HTML/CSS, Tableau",68,2025-02-22,Screening,False,
C0236,Divya Rao,Female,MBA,4,Hyderabad,HR Analyst,LinkedIn,"AWS, Git, Excel",70,2025-10-16,Selected,True,21.0
C0237,Aditya Nair,Male,MBA,0,Hyderabad,HR Analyst,Job Fair,"Power BI, Python, Git, Excel, AWS, Tableau",60,2025-11-12,Rejected,False,
C0238,Zoya Rao,Male,M.Tech,0,Hyderabad,Business Analyst,Indeed,"Power BI, Statistics, AWS",67,2025-11-27,Rejected,False,
C0239,Nisha Ali,Male,B.Tech,3,Mumbai,HR Analyst,LinkedIn,"HTML/CSS, Communication, Tableau, SQL",50,2025-11-07,Rejected,False,
C0240,Aditya Joseph,Male,B.E.,4,Kochi,Data Analyst,Company Website,"SQL, Excel, Power BI, Java, HTML/CSS",75,2025-02-06,Rejected,False,
C0241,Vikram Iyer,Female,MCA,4,Hyderabad,Business Analyst,Naukri,"AWS, Python, SQL",75,2025-02-07,Applied,False,
C0242,Arjun Reddy,Female,M.Tech,5,Pune,Data Analyst,Referral,"SQL, Excel, Power BI, Communication, HTML/CSS, Python",74,2025-11-18,Shortlisted,True,
C0243,Aisha Iyer,Female,B.E.,4,Hyderabad,QA Engineer,Referral,"Tableau, Communication, Power BI",75,2025-07-20,Screening,False,
C0244,Rahul Rao,Female,B.Tech,0,Kochi,Data Scientist,Company Website,"Python, Statistics, Machine Learning, Git, HTML/CSS, Excel",42,2025-01-29,Rejected,False,
C0245,Aarav Nair,Male,BCA,2,Singapore,Software Developer,Referral,"Java, Excel, Tableau, Python",55,2025-05-13,Rejected,False,
C0246,Divya Kumar,Male,MCA,0,Bengaluru,Business Analyst,Indeed,"Machine Learning, HTML/CSS, Statistics",44,2025-10-23,Rejected,False,
C0247,Aisha Joseph,Female,B.E.,2,Singapore,QA Engineer,LinkedIn,"Power BI, Statistics, SQL",55,2025-02-22,Applied,False,
C0248,Nisha Ahmed,Male,B.Tech,7,Kochi,Software Developer,Indeed,"SQL, Statistics, Communication, Power BI",81,2025-03-18,Selected,True,17.0
C0249,Aisha Ahmed,Female,M.Tech,3,Bengaluru,Business Analyst,Referral,"Excel, Power BI, Statistics",74,2025-03-03,Shortlisted,True,
C0250,Kavin Reddy,Male,M.Tech,1,Mumbai,Data Scientist,Naukri,"Python, Statistics, Machine Learning, SQL, Java",55,2025-06-09,Rejected,False,
C0251,Nisha Singh,Male,MCA,1,Coimbatore,HR Analyst,Referral,"Power BI, Statistics, HTML/CSS, Excel, SQL, AWS",71,2025-10-30,Selected,True,7.0
C0252,Fathima Kumar,Female,M.Tech,2,Chennai,HR Analyst,Job Fair,"HTML/CSS, Tableau, Python, Power BI, Statistics, Machine Learning",54,2025-01-01,Interview,True,
C0253,Rahul Menon,Male,B.Sc,3,Bengaluru,HR Analyst,LinkedIn,"HTML/CSS, Java, Machine Learning, Python, Statistics, Tableau",64,2025-04-29,Rejected,False,
C0254,Rohan Nair,Male,MCA,7,Chennai,Data Analyst,Referral,"SQL, Excel, Power BI, Tableau, HTML/CSS, Java",98,2025-03-08,Rejected,False,
C0255,Imran Nair,Male,B.E.,2,Bengaluru,Business Analyst,Job Fair,"Excel, Python, HTML/CSS",67,2025-03-11,Selected,True,21.0
C0256,Meera Joseph,Female,MCA,3,Singapore,Data Analyst,Job Fair,"SQL, Excel, Power BI, Tableau, Machine Learning, HTML/CSS",73,2025-04-17,Shortlisted,True,
C0257,Meera Reddy,Female,M.Tech,2,Singapore,Software Developer,LinkedIn,"Java, Communication, Statistics, SQL",58,2025-12-31,Rejected,False,
C0258,Aarav Kumar,Female,BCA,2,Kochi,Data Analyst,Referral,"SQL, Excel, Power BI, Python, Machine Learning, HTML/CSS",78,2025-10-09,Selected,True,10.0
C0259,Arjun Kumar,Female,B.E.,4,Pune,Software Developer,Indeed,"AWS, HTML/CSS, Tableau",62,2025-11-19,Selected,True,33.0
C0260,Santhosh Ahmed,Male,MBA,2,Kochi,Software Developer,Naukri,"Python, SQL, Machine Learning, Git, Excel",76,2025-02-17,Interview,True,
C0261,Rahul Kumar,Female,B.Tech,1,Pune,Data Scientist,Company Website,"Python, Statistics, Machine Learning, Power BI, Excel, Tableau",66,2025-03-30,Shortlisted,True,
C0262,Kavin Menon,Female,B.Sc,3,Kochi,HR Analyst,Indeed,"SQL, Python, Tableau, Communication, Excel, Power BI",64,2025-10-09,Interview,True,
C0263,Vikram Patel,Female,M.Tech,4,Chennai,HR Analyst,Job Fair,"Statistics, Machine Learning, Java, HTML/CSS, AWS, Power BI",80,2025-07-03,Interview,True,
C0264,Santhosh Iyer,Female,MCA,5,Coimbatore,Business Analyst,LinkedIn,"Machine Learning, Statistics, Java",86,2025-05-24,Selected,True,31.0
C0265,Priya Iyer,Male,B.E.,2,Coimbatore,Data Analyst,Indeed,"SQL, Excel, Power BI, AWS, Communication, Java",54,2025-01-29,Rejected,False,
C0266,Keerthi Reddy,Female,MBA,3,Singapore,HR Analyst,Job Fair,"AWS, HTML/CSS, Excel, Power BI, Machine Learning",74,2025-01-15,Rejected,False,
C0267,Rohan Bose,Female,B.Tech,4,Bengaluru,Data Scientist,LinkedIn,"Python, Statistics, Machine Learning, SQL, HTML/CSS",59,2025-11-05,Interview,True,
C0268,Rahul Khan,Female,B.Sc,4,Hyderabad,Software Developer,Job Fair,"SQL, Excel, AWS",60,2025-06-15,Screening,False,
C0269,Priya Rao,Male,M.Tech,3,Singapore,QA Engineer,Job Fair,"AWS, Python, Java, Tableau, HTML/CSS, Git",66,2025-07-11,Applied,False,
C0270,Meera Rao,Male,BCA,5,Singapore,HR Analyst,LinkedIn,"Power BI, Git, AWS, Excel, Communication",64,2025-10-15,Rejected,False,
C0271,Ananya Bose,Male,B.E.,3,Chennai,Software Developer,Job Fair,"AWS, SQL, Excel, Java, Power BI, Statistics",71,2025-10-21,Selected,True,25.0
C0272,Vikram Iyer,Female,B.Sc,4,Bengaluru,Software Developer,LinkedIn,"Git, Python, Java, Machine Learning",63,2025-06-13,Selected,True,7.0
C0273,Sneha Patel,Male,B.Tech,0,Singapore,HR Analyst,Indeed,"SQL, Communication, Machine Learning",61,2025-02-25,Rejected,False,
C0274,Aisha Reddy,Female,BCA,3,Singapore,Data Scientist,Referral,"Python, Statistics, Machine Learning, AWS, Git, Power BI",62,2025-02-21,Selected,True,32.0
C0275,Zoya Bose,Male,B.Sc,5,Bengaluru,Business Analyst,LinkedIn,"Excel, Python, Statistics, Git, Java, Tableau",76,2025-03-29,Shortlisted,True,
C0276,Sneha Rao,Male,B.Tech,0,Pune,HR Analyst,Job Fair,"Excel, SQL, Python, Java, Power BI, AWS",42,2025-03-26,Screening,False,
C0277,Aarav Ahmed,Female,B.Sc,0,Mumbai,HR Analyst,LinkedIn,"AWS, Statistics, Machine Learning, Excel, SQL, Git",58,2025-01-26,Interview,True,
C0278,Fathima Joseph,Female,M.Tech,0,Kochi,Business Analyst,LinkedIn,"Excel, Git, Tableau, Python",63,2025-01-14,Rejected,False,
C0279,Divya Bose,Male,M.Tech,4,Pune,Business Analyst,Referral,"Python, Git, Statistics, Communication, Excel",74,2025-12-05,Interview,True,
C0280,Ananya Sharma,Male,B.E.,0,Kochi,Business Analyst,LinkedIn,"Tableau, Power BI, HTML/CSS, SQL, Excel, Communication",46,2025-08-14,Shortlisted,True,
C0281,Arjun Ahmed,Female,BCA,2,Coimbatore,QA Engineer,Referral,"Statistics, Git, Machine Learning, Power BI, AWS, Excel",65,2025-07-18,Rejected,False,
C0282,Aisha Ahmed,Female,MCA,0,Hyderabad,QA Engineer,LinkedIn,"Excel, Power BI, Git, HTML/CSS",68,2025-08-18,Shortlisted,True,
C0283,Arjun Ahmed,Male,BCA,3,Coimbatore,HR Analyst,Job Fair,"AWS, Tableau, Java, Python",71,2025-11-18,Screening,False,
C0284,Ananya Khan,Male,B.Sc,4,Mumbai,QA Engineer,Referral,"Python, Communication, Excel, AWS, HTML/CSS, SQL",84,2025-01-07,Selected,True,25.0
C0285,Aditya Patel,Male,B.Sc,5,Pune,QA Engineer,Indeed,"AWS, HTML/CSS, Machine Learning, SQL, Excel, Git",81,2025-12-02,Rejected,False,
C0286,Vikram Joseph,Male,BCA,3,Singapore,Data Analyst,Company Website,"SQL, Excel, Power BI, Tableau, Java, Git",60,2025-01-26,Rejected,False,
C0287,Sneha Das,Female,MBA,1,Bengaluru,HR Analyst,Job Fair,"Tableau, Machine Learning, Java, HTML/CSS",60,2025-04-27,Rejected,False,
C0288,Meera Rao,Male,BCA,1,Coimbatore,Software Developer,Job Fair,"Statistics, Java, SQL, HTML/CSS, Excel, AWS",66,2025-07-28,Rejected,False,
C0289,Aisha Bose,Male,M.Tech,2,Chennai,Software Developer,LinkedIn,"Power BI, SQL, Machine Learning",59,2025-04-13,Interview,True,
C0290,Zoya Ali,Female,B.E.,4,Mumbai,HR Analyst,Indeed,"Git, Python, SQL, Power BI, Java, Statistics",62,2025-08-26,Screening,False,
C0291,Aisha Patel,Female,MCA,2,Singapore,Data Scientist,Indeed,"Python, Statistics, Machine Learning, Tableau, SQL, Communication",60,2025-05-13,Rejected,False,
C0292,Priya Das,Female,MBA,7,Coimbatore,Software Developer,Company Website,"Statistics, SQL, Git, Machine Learning, Excel, Java",90,2025-05-18,Shortlisted,True,
C0293,Kavin Ali,Male,B.Sc,1,Mumbai,Software Developer,Company Website,"Communication, HTML/CSS, Java, Machine Learning, Tableau",57,2025-12-30,Rejected,False,
C0294,Ananya Ali,Female,MCA,2,Pune,HR Analyst,Company Website,"Statistics, Git, AWS, Tableau, HTML/CSS",58,2025-01-04,Shortlisted,True,
C0295,Zoya Ahmed,Male,B.Sc,4,Singapore,Business Analyst,Naukri,"Power BI, Excel, Statistics, HTML/CSS, SQL",78,2025-05-14,Selected,True,32.0
C0296,Nisha Menon,Male,B.E.,5,Chennai,HR Analyst,Company Website,"Communication, HTML/CSS, Git, SQL, Power BI",85,2025-06-01,Selected,True,17.0
C0297,Vikram Rao,Female,B.Sc,6,Mumbai,HR Analyst,Naukri,"Tableau, Python, Machine Learning, Excel",85,2025-12-03,Interview,True,
C0298,Imran Joseph,Female,B.Sc,1,Bengaluru,HR Analyst,LinkedIn,"Communication, Java, Git, Tableau, Statistics",67,2025-04-25,Rejected,False,
C0299,Meera Ahmed,Female,B.Tech,3,Bengaluru,Data Scientist,Referral,"Python, Statistics, Machine Learning, Git, Communication",76,2025-04-10,Shortlisted,True,
C0300,Priya Nair,Female,B.E.,3,Coimbatore,Software Developer,Indeed,"Excel, Java, HTML/CSS, Python, Machine Learning, AWS",87,2025-10-19,Rejected,False,
C0301,Sneha Ahmed,Male,BCA,0,Mumbai,Data Analyst,LinkedIn,"SQL, Excel, Power BI, Machine Learning, Python, Communication",47,2025-03-28,Interview,True,
C0302,Aarav Menon,Female,BCA,8,Chennai,Data Scientist,LinkedIn,"Python, Statistics, Machine Learning, SQL, Java, Power BI",91,2025-04-13,Rejected,False,
C0303,Aisha Reddy,Male,MBA,0,Singapore,Software Developer,Indeed,"Statistics, AWS, Tableau, Excel, Python, Communication",60,2025-02-22,Rejected,False,
C0304,Priya Bose,Male,MBA,4,Singapore,Data Scientist,Referral,"Python, Statistics, Machine Learning, Java, HTML/CSS, Power BI",74,2025-12-18,Interview,True,
C0305,Priya Sharma,Male,B.E.,0,Coimbatore,Data Analyst,Company Website,"SQL, Excel, Power BI, HTML/CSS, AWS, Statistics",44,2025-03-09,Applied,False,
C0306,Aarav Kumar,Female,MBA,0,Chennai,HR Analyst,Indeed,"Statistics, AWS, SQL, Git, Python",73,2025-11-24,Shortlisted,True,
C0307,Ananya Menon,Male,BCA,0,Pune,Data Scientist,LinkedIn,"Python, Statistics, Machine Learning, HTML/CSS, Excel, Power BI",47,2025-05-10,Applied,False,
C0308,Fathima Iyer,Female,MCA,3,Hyderabad,QA Engineer,Indeed,"Tableau, Python, Git",59,2025-02-23,Interview,True,
C0309,Fathima Nair,Female,M.Tech,3,Coimbatore,Business Analyst,Indeed,"Excel, SQL, Statistics, Machine Learning, Power BI",64,2025-07-29,Rejected,False,
C0310,Nisha Ali,Male,B.Tech,3,Bengaluru,Data Analyst,Job Fair,"SQL, Excel, Power BI, Python, Statistics, Git",64,2025-10-21,Rejected,False,
C0311,Sneha Rao,Female,BCA,2,Chennai,Business Analyst,LinkedIn,"Tableau, Java, Git",72,2025-03-31,Shortlisted,True,
C0312,Arjun Nair,Male,M.Tech,0,Chennai,Data Analyst,LinkedIn,"SQL, Excel, Power BI, Java, HTML/CSS, Machine Learning",58,2025-03-12,Applied,False,
C0313,Rahul Rao,Female,B.Tech,4,Pune,Software Developer,Indeed,"Communication, Machine Learning, HTML/CSS, Excel, Python",61,2025-08-22,Screening,False,
C0314,Rahul Ali,Male,B.Tech,0,Pune,Software Developer,Job Fair,"Excel, AWS, Communication, Java, SQL, Git",50,2025-09-05,Rejected,False,
C0315,Harish Singh,Female,BCA,0,Kochi,Data Analyst,LinkedIn,"SQL, Excel, Power BI, Git, Statistics, Java",54,2025-05-14,Shortlisted,True,
C0316,Priya Singh,Male,MBA,4,Coimbatore,Data Scientist,Referral,"Python, Statistics, Machine Learning, Excel, AWS, SQL",62,2025-12-06,Rejected,False,
C0317,Keerthi Menon,Male,M.Tech,4,Hyderabad,Data Scientist,LinkedIn,"Python, Statistics, Machine Learning, Power BI, Java, Tableau",86,2025-09-09,Screening,False,
C0318,Aarav Sharma,Male,M.Tech,3,Coimbatore,Data Scientist,LinkedIn,"Python, Statistics, Machine Learning, Git, Java, HTML/CSS",82,2025-08-16,Rejected,False,
C0319,Aisha Joseph,Female,B.Tech,2,Chennai,Data Scientist,Naukri,"Python, Statistics, Machine Learning, HTML/CSS, Power BI, Java",57,2025-11-06,Selected,True,18.0
C0320,Meera Singh,Male,B.Sc,4,Kochi,Data Scientist,Company Website,"Python, Statistics, Machine Learning, HTML/CSS, Power BI, SQL",72,2025-07-06,Selected,True,33.0
C0321,Zoya Iyer,Female,B.Tech,2,Chennai,HR Analyst,Job Fair,"HTML/CSS, Communication, Python, Tableau",53,2025-09-10,Rejected,False,
C0322,Imran Menon,Female,M.Tech,1,Pune,Data Analyst,LinkedIn,"SQL, Excel, Power BI, Python, Communication, HTML/CSS",60,2025-04-08,Applied,False,
C0323,Aditya Menon,Male,B.Tech,3,Chennai,Data Scientist,Referral,"Python, Statistics, Machine Learning, Excel, AWS, Git",71,2025-08-10,Shortlisted,True,
C0324,Imran Khan,Female,BCA,0,Pune,QA Engineer,Job Fair,"Tableau, Communication, Java, HTML/CSS",78,2025-12-21,Rejected,False,
C0325,Zoya Rao,Male,BCA,0,Mumbai,Software Developer,Naukri,"HTML/CSS, Statistics, Power BI, AWS, Git",58,2025-10-08,Applied,False,
C0326,Divya Singh,Male,B.Sc,3,Hyderabad,HR Analyst,Job Fair,"Statistics, HTML/CSS, Java, Python",61,2025-11-29,Screening,False,
C0327,Aditya Patel,Female,MCA,3,Pune,QA Engineer,Company Website,"Communication, SQL, Statistics, Python, Git",62,2025-10-01,Applied,False,
C0328,Kavin Khan,Female,B.Tech,2,Coimbatore,HR Analyst,Indeed,"Git, Tableau, Excel, SQL, HTML/CSS",80,2025-03-24,Screening,False,
C0329,Nisha Singh,Male,M.Tech,1,Kochi,Business Analyst,LinkedIn,"HTML/CSS, Git, Statistics, Communication",61,2025-12-12,Interview,True,
C0330,Vikram Iyer,Male,MBA,0,Chennai,HR Analyst,Job Fair,"Git, Java, Statistics, SQL, AWS, HTML/CSS",61,2025-07-18,Shortlisted,True,
C0331,Priya Menon,Female,MBA,1,Singapore,Software Developer,Naukri,"HTML/CSS, Power BI, Tableau, Machine Learning",63,2025-10-07,Applied,False,
C0332,Aarav Nair,Male,B.E.,4,Bengaluru,Software Developer,Indeed,"Statistics, Tableau, Excel, AWS, Git",70,2025-08-08,Shortlisted,True,
C0333,Fathima Khan,Male,B.E.,3,Chennai,HR Analyst,LinkedIn,"Git, AWS, Tableau",70,2025-06-15,Rejected,False,
C0334,Keerthi Singh,Male,M.Tech,4,Singapore,Data Analyst,Referral,"SQL, Excel, Power BI, Statistics, Communication",80,2025-04-05,Screening,False,
C0335,Aarav Sharma,Male,B.Sc,5,Coimbatore,Data Analyst,Job Fair,"SQL, Excel, Power BI, Java, HTML/CSS, Tableau",75,2025-12-06,Selected,True,24.0
C0336,Aarav Bose,Male,B.E.,2,Coimbatore,Data Scientist,Job Fair,"Python, Statistics, Machine Learning, Communication, HTML/CSS, Tableau",62,2025-12-16,Shortlisted,True,
C0337,Priya Khan,Female,M.Tech,5,Kochi,QA Engineer,Referral,"Java, Statistics, Python, AWS",72,2025-06-01,Shortlisted,True,
C0338,Rahul Kumar,Male,B.Tech,1,Coimbatore,HR Analyst,Company Website,"Python, Power BI, Statistics, Communication, HTML/CSS, Java",45,2025-04-20,Rejected,False,
C0339,Vikram Ahmed,Male,B.Sc,6,Chennai,HR Analyst,LinkedIn,"Tableau, Statistics, Python, Power BI",91,2025-01-28,Shortlisted,True,
C0340,Santhosh Kumar,Female,MBA,4,Pune,Data Scientist,Referral,"Python, Statistics, Machine Learning, Git, SQL, HTML/CSS",72,2025-01-09,Shortlisted,True,
C0341,Aditya Joseph,Female,MCA,0,Bengaluru,Business Analyst,Indeed,"AWS, Python, Tableau, Machine Learning, Communication",42,2025-12-18,Shortlisted,True,
C0342,Keerthi Joseph,Female,B.E.,5,Coimbatore,Data Scientist,LinkedIn,"Python, Statistics, Machine Learning, Git, Excel, Tableau",82,2025-07-20,Interview,True,
C0343,Sneha Bose,Female,B.Tech,4,Chennai,Data Analyst,Referral,"SQL, Excel, Power BI, Tableau, Java",75,2025-07-21,Selected,True,13.0
C0344,Keerthi Ali,Female,B.E.,2,Coimbatore,Software Developer,Company Website,"Python, Excel, AWS, SQL",67,2025-05-10,Shortlisted,True,
C0345,Zoya Sharma,Female,MBA,1,Bengaluru,Business Analyst,Indeed,"Java, HTML/CSS, Excel, Power BI, Python, AWS",51,2025-04-12,Screening,False,
C0346,Sneha Patel,Female,BCA,0,Kochi,Business Analyst,Indeed,"HTML/CSS, AWS, Excel, Java, Statistics",56,2025-12-04,Interview,True,
C0347,Imran Nair,Male,B.E.,1,Coimbatore,Business Analyst,Company Website,"Tableau, Java, Excel, Git, Machine Learning, Power BI",43,2025-11-25,Rejected,False,
C0348,Kavin Reddy,Female,MCA,0,Bengaluru,Data Scientist,LinkedIn,"Python, Statistics, Machine Learning, Tableau, Excel",60,2025-11-07,Interview,True,
C0349,Santhosh Iyer,Female,B.Tech,3,Chennai,HR Analyst,Naukri,"AWS, HTML/CSS, Communication",59,2025-11-20,Applied,False,
C0350,Imran Singh,Female,B.Sc,5,Kochi,QA Engineer,Company Website,"Communication, Power BI, AWS, Tableau, Excel",76,2025-03-18,Rejected,False,
C0351,Priya Das,Female,B.Sc,3,Chennai,Data Scientist,Company Website,"Python, Statistics, Machine Learning, Excel, Git",68,2025-11-11,Screening,False,
C0352,Divya Iyer,Female,MBA,2,Kochi,HR Analyst,Job Fair,"Machine Learning, Power BI, Python, Tableau",69,2025-01-21,Interview,True,
C0353,Ananya Rao,Male,B.E.,5,Singapore,HR Analyst,Indeed,"SQL, Git, Java",74,2025-08-21,Shortlisted,True,
C0354,Aditya Bose,Female,B.Sc,4,Hyderabad,HR Analyst,Indeed,"AWS, Git, Python, Statistics, Tableau",66,2025-07-13,Screening,False,
C0355,Nisha Sharma,Male,BCA,6,Singapore,QA Engineer,Naukri,"Machine Learning, AWS, SQL, Statistics, Excel, Power BI",75,2025-06-26,Selected,True,12.0
C0356,Rohan Rao,Female,B.E.,1,Hyderabad,Software Developer,LinkedIn,"Git, Power BI, Communication",76,2025-11-05,Rejected,False,
C0357,Rahul Das,Female,MBA,4,Kochi,Data Scientist,Referral,"Python, Statistics, Machine Learning, Git, Communication, SQL",79,2025-10-30,Selected,True,8.0
C0358,Harish Ahmed,Female,MBA,5,Chennai,Software Developer,Job Fair,"Excel, Tableau, HTML/CSS",95,2025-03-17,Rejected,False,
C0359,Sneha Das,Female,MBA,5,Mumbai,HR Analyst,Job Fair,"AWS, Machine Learning, Git, Excel, Power BI, Communication",65,2025-04-21,Applied,False,
C0360,Nisha Ahmed,Male,M.Tech,3,Hyderabad,QA Engineer,Company Website,"Excel, Git, Java, Machine Learning, Python",63,2025-09-19,Shortlisted,True,
C0361,Zoya Kumar,Female,B.Tech,4,Chennai,Software Developer,LinkedIn,"Excel, AWS, Python, HTML/CSS, Machine Learning, Tableau",82,2025-09-16,Rejected,False,
C0362,Harish Ahmed,Male,BCA,3,Hyderabad,Data Analyst,Job Fair,"SQL, Excel, Power BI, Git, HTML/CSS, Communication",62,2025-10-04,Rejected,False,
C0363,Vikram Ali,Female,MBA,0,Pune,Data Analyst,LinkedIn,"SQL, Excel, Power BI, Java, AWS, Git",49,2025-09-04,Rejected,False,
C0364,Harish Kumar,Male,B.Sc,1,Pune,Data Analyst,Indeed,"SQL, Excel, Power BI, AWS, Statistics, Python",57,2025-01-03,Rejected,False,
C0365,Vikram Joseph,Male,B.E.,4,Singapore,HR Analyst,Indeed,"Communication, Git, AWS, Tableau",73,2025-02-24,Shortlisted,True,
C0366,Priya Nair,Male,B.Sc,0,Mumbai,QA Engineer,Job Fair,"Communication, Statistics, Git, Machine Learning",42,2025-07-23,Applied,False,
C0367,Priya Sharma,Female,B.Sc,4,Singapore,Business Analyst,Naukri,"Git, Python, Power BI, Machine Learning",90,2025-07-23,Shortlisted,True,
C0368,Arjun Joseph,Female,BCA,2,Singapore,QA Engineer,Naukri,"Excel, Communication, SQL",56,2025-11-11,Rejected,False,
C0369,Aditya Bose,Male,MCA,0,Pune,Data Scientist,LinkedIn,"Python, Statistics, Machine Learning, Java, AWS, SQL",61,2025-05-15,Rejected,False,
C0370,Imran Kumar,Female,MBA,5,Mumbai,QA Engineer,Company Website,"Excel, Git, Machine Learning",77,2025-11-02,Interview,True,
C0371,Nisha Menon,Female,M.Tech,1,Mumbai,HR Analyst,LinkedIn,"AWS, Excel, SQL, Java",47,2025-11-03,Applied,False,
C0372,Arjun Bose,Female,B.Tech,2,Mumbai,Software Developer,Naukri,"Communication, AWS, Power BI, Statistics, SQL, Java",69,2025-06-30,Shortlisted,True,
C0373,Santhosh Kumar,Male,B.Sc,1,Singapore,QA Engineer,Indeed,"AWS, Power BI, Machine Learning, Communication",59,2025-05-22,Rejected,False,
C0374,Imran Ahmed,Male,BCA,3,Bengaluru,Software Developer,Referral,"Java, Python, Statistics, Tableau, AWS",72,2025-09-15,Rejected,False,
C0375,Aditya Menon,Female,M.Tech,0,Singapore,Software Developer,Job Fair,"AWS, SQL, Machine Learning, Python, Tableau, Git",47,2025-08-23,Rejected,False,
C0376,Meera Sharma,Male,MBA,2,Coimbatore,HR Analyst,Naukri,"Statistics, HTML/CSS, SQL, Tableau, Power BI",71,2025-07-31,Shortlisted,True,
C0377,Kavin Ali,Female,MBA,7,Singapore,HR Analyst,LinkedIn,"Java, HTML/CSS, Power BI, Tableau, Excel, Git",80,2025-04-02,Applied,False,
C0378,Rahul Khan,Female,MBA,3,Coimbatore,Software Developer,Naukri,"Power BI, HTML/CSS, AWS, Java",70,2025-04-16,Rejected,False,
C0379,Rohan Ali,Male,B.Tech,1,Kochi,Data Analyst,Company Website,"SQL, Excel, Power BI, Machine Learning, Java, AWS",67,2025-10-05,Screening,False,
C0380,Keerthi Kumar,Male,B.E.,3,Mumbai,Data Scientist,Indeed,"Python, Statistics, Machine Learning, SQL, Communication",72,2025-10-23,Rejected,False,
C0381,Ananya Nair,Male,M.Tech,0,Hyderabad,Data Scientist,Referral,"Python, Statistics, Machine Learning, Java, SQL, Git",52,2025-03-03,Rejected,False,
C0382,Divya Patel,Male,M.Tech,2,Mumbai,QA Engineer,LinkedIn,"Tableau, Machine Learning, AWS, Java",67,2025-05-15,Rejected,False,
C0383,Santhosh Menon,Female,B.E.,7,Pune,Data Scientist,Company Website,"Python, Statistics, Machine Learning, Communication, Tableau, Excel",84,2025-07-10,Rejected,False,
C0384,Aarav Patel,Male,MBA,0,Mumbai,Data Analyst,Naukri,"SQL, Excel, Power BI, Communication, AWS, Machine Learning",56,2025-10-12,Shortlisted,True,
C0385,Priya Kumar,Female,B.E.,3,Singapore,Data Scientist,Naukri,"Python, Statistics, Machine Learning, AWS, SQL, Communication",67,2025-06-03,Rejected,False,
C0386,Aarav Ahmed,Female,BCA,0,Bengaluru,Business Analyst,Referral,"Java, HTML/CSS, Statistics, AWS, Tableau",55,2025-06-21,Selected,True,18.0
C0387,Fathima Khan,Male,M.Tech,0,Coimbatore,Business Analyst,Referral,"Tableau, Java, Git, Statistics",60,2025-11-29,Interview,True,
C0388,Arjun Sharma,Female,BCA,2,Mumbai,Data Analyst,Referral,"SQL, Excel, Power BI, Git, Java, Communication",75,2025-03-16,Selected,True,34.0
C0389,Divya Rao,Male,B.E.,1,Singapore,Business Analyst,Indeed,"AWS, Git, Communication, Tableau, Machine Learning",53,2025-05-30,Rejected,False,
C0390,Aditya Sharma,Female,B.E.,3,Hyderabad,Data Scientist,Naukri,"Python, Statistics, Machine Learning, Git, Tableau, Power BI",61,2025-03-06,Selected,True,12.0
C0391,Rahul Sharma,Male,BCA,3,Chennai,Data Analyst,LinkedIn,"SQL, Excel, Power BI, Python, Tableau, AWS",67,2025-07-23,Interview,True,
C0392,Aisha Menon,Male,B.E.,4,Coimbatore,Business Analyst,Company Website,"Excel, Statistics, HTML/CSS, SQL",59,2025-08-15,Shortlisted,True,
C0393,Santhosh Das,Male,M.Tech,0,Kochi,Business Analyst,Referral,"Statistics, Machine Learning, Excel, HTML/CSS, AWS",53,2025-10-04,Shortlisted,True,
C0394,Imran Reddy,Male,MBA,3,Pune,HR Analyst,Referral,"Java, Machine Learning, Statistics, Power BI, Python",77,2025-11-24,Rejected,False,
C0395,Fathima Khan,Male,B.Sc,1,Hyderabad,Data Scientist,Indeed,"Python, Statistics, Machine Learning, Java, Tableau",42,2025-01-01,Selected,True,7.0
C0396,Keerthi Ahmed,Male,B.Tech,4,Pune,Business Analyst,Naukri,"SQL, Statistics, Java, Power BI",65,2025-11-02,Selected,True,20.0
C0397,Keerthi Khan,Male,B.E.,0,Pune,Software Developer,Naukri,"Python, Communication, Power BI, Statistics, Tableau",54,2025-04-23,Selected,True,16.0
C0398,Imran Reddy,Male,B.E.,0,Bengaluru,Data Scientist,LinkedIn,"Python, Statistics, Machine Learning, Git, AWS",52,2025-05-29,Shortlisted,True,
C0399,Vikram Patel,Male,B.Sc,0,Chennai,Software Developer,LinkedIn,"Excel, Python, Tableau",52,2025-10-01,Interview,True,
C0400,Imran Rao,Female,B.Tech,0,Coimbatore,HR Analyst,LinkedIn,"Power BI, Java, Communication, Tableau, Machine Learning, Excel",48,2025-01-08,Shortlisted,True,
C0401,Kavin Bose,Male,B.Tech,3,Hyderabad,Business Analyst,LinkedIn,"Statistics, Machine Learning, Excel",69,2025-07-20,Screening,False,
C0402,Ananya Singh,Female,M.Tech,5,Chennai,Data Scientist,LinkedIn,"Python, Statistics, Machine Learning, Power BI, SQL, Git",70,2025-05-08,Rejected,False,
C0403,Ananya Reddy,Male,BCA,2,Mumbai,Data Scientist,Job Fair,"Python, Statistics, Machine Learning, HTML/CSS, Git",70,2025-03-23,Interview,True,
C0404,Aarav Patel,Male,B.Sc,3,Coimbatore,HR Analyst,Indeed,"Python, Power BI, Communication, Java",74,2025-01-27,Rejected,False,
C0405,Rahul Nair,Female,B.Tech,0,Pune,QA Engineer,Naukri,"AWS, Machine Learning, HTML/CSS",53,2025-01-05,Shortlisted,True,
C0406,Keerthi Khan,Female,B.E.,2,Kochi,Software Developer,LinkedIn,"Git, SQL, HTML/CSS, Java, Excel",63,2025-11-13,Selected,True,29.0
C0407,Rahul Reddy,Female,BCA,2,Coimbatore,Software Developer,Indeed,"Machine Learning, Power BI, SQL, Communication, Java",64,2025-10-13,Selected,True,30.0
C0408,Imran Reddy,Female,MBA,1,Kochi,Data Scientist,Referral,"Python, Statistics, Machine Learning, Power BI, AWS, Excel",72,2025-10-05,Rejected,False,
C0409,Aarav Das,Male,MCA,4,Hyderabad,Data Analyst,Referral,"SQL, Excel, Power BI, Machine Learning, Statistics, Communication",85,2025-05-15,Selected,True,35.0
C0410,Meera Nair,Male,B.E.,5,Singapore,QA Engineer,Company Website,"Power BI, Statistics, Machine Learning, Git, Excel, Tableau",83,2025-12-04,Rejected,False,
C0411,Aisha Iyer,Female,B.Sc,4,Bengaluru,HR Analyst,LinkedIn,"SQL, Excel, Git",65,2025-12-04,Shortlisted,True,
C0412,Nisha Das,Female,B.E.,2,Bengaluru,Data Scientist,LinkedIn,"Python, Statistics, Machine Learning, Git, Tableau, SQL",60,2025-11-25,Screening,False,
C0413,Aisha Joseph,Male,B.E.,3,Kochi,Data Analyst,Job Fair,"SQL, Excel, Power BI, Git, Java, Statistics",86,2025-02-10,Selected,True,18.0
C0414,Keerthi Ahmed,Female,B.Tech,5,Bengaluru,QA Engineer,Naukri,"Statistics, Python, Git, Power BI",93,2025-02-09,Screening,False,
C0415,Sneha Bose,Female,MCA,1,Coimbatore,Software Developer,Referral,"HTML/CSS, Python, AWS, Java, Machine Learning, Statistics",63,2025-04-02,Applied,False,
C0416,Rohan Singh,Male,M.Tech,1,Hyderabad,Software Developer,Referral,"Git, Excel, Statistics, Machine Learning, Java",48,2025-09-16,Shortlisted,True,
C0417,Keerthi Bose,Male,BCA,3,Pune,Business Analyst,Naukri,"AWS, Statistics, Power BI, Communication",68,2025-06-15,Rejected,False,
C0418,Harish Patel,Male,BCA,3,Kochi,Business Analyst,Job Fair,"Tableau, AWS, SQL",66,2025-01-01,Rejected,False,
C0419,Harish Singh,Female,B.Sc,3,Coimbatore,Data Analyst,LinkedIn,"SQL, Excel, Power BI, HTML/CSS, Tableau, Statistics",69,2025-06-11,Applied,False,
C0420,Meera Sharma,Male,B.Tech,4,Kochi,Data Analyst,Indeed,"SQL, Excel, Power BI, Java, AWS, Git",65,2025-03-12,Screening,False,
C0421,Aisha Rao,Male,B.E.,4,Bengaluru,QA Engineer,Company Website,"Machine Learning, AWS, Python, Tableau",79,2025-09-05,Rejected,False,
C0422,Aditya Kumar,Male,M.Tech,3,Chennai,Data Analyst,Job Fair,"SQL, Excel, Power BI, Communication, HTML/CSS, Python",70,2025-06-21,Rejected,False,
C0423,Imran Khan,Female,B.Tech,2,Singapore,QA Engineer,Referral,"Statistics, Power BI, Excel, SQL, Communication",61,2025-03-18,Screening,False,
C0424,Keerthi Ahmed,Male,BCA,2,Mumbai,Software Developer,Naukri,"Java, Python, Machine Learning, SQL",49,2025-03-17,Interview,True,
C0425,Aditya Menon,Female,BCA,7,Pune,Data Analyst,Naukri,"SQL, Excel, Power BI, Machine Learning, Statistics, HTML/CSS",97,2025-03-08,Rejected,False,
C0426,Sneha Ahmed,Male,MCA,6,Coimbatore,QA Engineer,Indeed,"Java, Git, AWS, Python, Statistics, HTML/CSS",91,2025-05-17,Interview,True,
C0427,Zoya Joseph,Male,B.E.,1,Singapore,Business Analyst,Indeed,"Tableau, Excel, Java",61,2025-12-02,Rejected,False,
C0428,Ananya Rao,Female,B.E.,4,Kochi,QA Engineer,LinkedIn,"Git, Java, Excel, Python",64,2025-04-30,Rejected,False,
C0429,Fathima Kumar,Male,MCA,5,Hyderabad,Software Developer,Naukri,"Java, Python, Tableau",76,2025-05-28,Selected,True,21.0
C0430,Aditya Das,Female,MBA,6,Coimbatore,Software Developer,LinkedIn,"Statistics, Machine Learning, AWS, Excel, SQL",89,2025-09-25,Rejected,False,
C0431,Vikram Menon,Male,B.E.,5,Chennai,Business Analyst,Indeed,"SQL, Machine Learning, HTML/CSS, Python, Communication",72,2025-12-23,Rejected,False,
C0432,Zoya Singh,Female,B.Tech,1,Mumbai,Data Analyst,Naukri,"SQL, Excel, Power BI, Communication, Statistics, Python",63,2025-11-29,Shortlisted,True,
C0433,Meera Nair,Male,B.E.,1,Kochi,Software Developer,Referral,"SQL, Power BI, Statistics",53,2025-12-31,Screening,False,
C0434,Aisha Menon,Male,MBA,6,Hyderabad,Data Scientist,LinkedIn,"Python, Statistics, Machine Learning, Java, Git, Tableau",81,2025-12-17,Interview,True,
C0435,Arjun Rao,Male,M.Tech,0,Chennai,Data Scientist,Job Fair,"Python, Statistics, Machine Learning, Excel, Java, Communication",42,2025-05-24,Rejected,False,
C0436,Imran Singh,Female,MBA,0,Coimbatore,QA Engineer,Indeed,"Communication, Tableau, AWS, Java",66,2025-10-21,Rejected,False,
C0437,Sneha Bose,Female,MBA,1,Hyderabad,Software Developer,Company Website,"Excel, Tableau, Statistics, HTML/CSS",83,2025-12-17,Rejected,False,
C0438,Aarav Khan,Male,MCA,5,Hyderabad,HR Analyst,Indeed,"Excel, Java, HTML/CSS",98,2025-10-13,Interview,True,
C0439,Aarav Khan,Male,BCA,4,Mumbai,Data Scientist,Referral,"Python, Statistics, Machine Learning, Excel, Power BI, HTML/CSS",77,2025-11-23,Screening,False,
C0440,Harish Joseph,Male,MCA,1,Coimbatore,QA Engineer,Company Website,"Java, Python, Machine Learning",60,2025-04-29,Selected,True,11.0
C0441,Sneha Khan,Female,MBA,5,Singapore,HR Analyst,LinkedIn,"Machine Learning, Excel, Git, Power BI, Statistics, SQL",74,2025-07-18,Screening,False,
C0442,Rohan Joseph,Male,BCA,0,Coimbatore,Business Analyst,Company Website,"Python, Excel, Machine Learning, AWS",59,2025-04-14,Rejected,False,
C0443,Ananya Ali,Male,BCA,1,Pune,Software Developer,Naukri,"HTML/CSS, Java, Communication, Statistics, SQL, Tableau",56,2025-11-08,Interview,True,
C0444,Aditya Bose,Male,B.E.,3,Pune,Data Analyst,Job Fair,"SQL, Excel, Power BI, Statistics, Git, Tableau",72,2025-01-21,Interview,True,
C0445,Imran Joseph,Male,BCA,2,Hyderabad,Business Analyst,Referral,"HTML/CSS, Statistics, Excel",64,2025-11-10,Screening,False,
C0446,Aarav Patel,Male,MBA,5,Bengaluru,Data Analyst,LinkedIn,"SQL, Excel, Power BI, Communication, HTML/CSS, Java",63,2025-10-27,Rejected,False,
C0447,Imran Menon,Male,MBA,0,Coimbatore,QA Engineer,Job Fair,"Java, Git, Excel, Python, Statistics",44,2025-02-16,Selected,True,10.0
C0448,Priya Bose,Male,MCA,3,Pune,Data Analyst,Company Website,"SQL, Excel, Power BI, Communication, Statistics, HTML/CSS",54,2025-09-19,Applied,False,
C0449,Meera Rao,Male,M.Tech,1,Hyderabad,QA Engineer,LinkedIn,"HTML/CSS, SQL, Communication, Tableau",46,2025-03-16,Screening,False,
C0450,Imran Ali,Male,MBA,3,Hyderabad,Business Analyst,LinkedIn,"SQL, AWS, Tableau, HTML/CSS",65,2025-03-09,Shortlisted,True,
C0451,Sneha Ali,Female,M.Tech,2,Chennai,QA Engineer,Company Website,"Power BI, AWS, Machine Learning, Git",81,2025-09-10,Interview,True,
C0452,Priya Patel,Female,MCA,1,Chennai,QA Engineer,Indeed,"AWS, Git, Statistics, Power BI, SQL",64,2025-10-08,Rejected,False,
C0453,Priya Patel,Male,B.Sc,4,Chennai,HR Analyst,LinkedIn,"Java, Python, SQL, Git, Communication",83,2025-01-17,Rejected,False,
C0454,Aditya Joseph,Female,MBA,2,Hyderabad,QA Engineer,Job Fair,"SQL, Python, Tableau, Java, Statistics",63,2025-10-24,Rejected,False,
C0455,Harish Ahmed,Female,M.Tech,2,Bengaluru,Data Scientist,Indeed,"Python, Statistics, Machine Learning, HTML/CSS, Tableau, Java",68,2025-03-10,Interview,True,
C0456,Zoya Joseph,Male,B.E.,5,Chennai,HR Analyst,LinkedIn,"Machine Learning, AWS, Tableau",75,2025-11-19,Selected,True,20.0
C0457,Meera Iyer,Female,MCA,1,Singapore,Business Analyst,Job Fair,"Statistics, Git, Machine Learning, AWS, Excel, Tableau",60,2025-11-11,Selected,True,14.0
C0458,Rohan Nair,Female,B.Tech,0,Kochi,Data Analyst,Company Website,"SQL, Excel, Power BI, AWS, Communication, Git",60,2025-03-02,Screening,False,
C0459,Keerthi Nair,Female,MBA,2,Coimbatore,Data Analyst,Company Website,"SQL, Excel, Power BI, Tableau, HTML/CSS, Statistics",70,2025-05-11,Rejected,False,
C0460,Rohan Bose,Male,MBA,0,Singapore,Data Analyst,Indeed,"SQL, Excel, Power BI, Java",50,2025-10-19,Applied,False,
C0461,Imran Khan,Male,M.Tech,4,Chennai,Data Scientist,Company Website,"Python, Statistics, Machine Learning, Git, Java",64,2025-09-04,Shortlisted,True,
C0462,Divya Sharma,Female,B.Tech,3,Mumbai,HR Analyst,Referral,"Statistics, HTML/CSS, SQL, Power BI, Java",67,2025-12-14,Rejected,False,
C0463,Zoya Sharma,Male,M.Tech,1,Chennai,Business Analyst,Indeed,"AWS, HTML/CSS, Communication, Excel",53,2025-07-12,Shortlisted,True,
C0464,Meera Iyer,Male,M.Tech,0,Singapore,HR Analyst,Company Website,"Python, Machine Learning, Power BI, Java, Git, Communication",56,2025-05-20,Interview,True,
C0465,Fathima Bose,Female,B.Tech,3,Singapore,Software Developer,Naukri,"Machine Learning, Statistics, SQL",64,2025-04-14,Rejected,False,
C0466,Kavin Rao,Female,B.Sc,0,Kochi,Software Developer,Company Website,"Java, Excel, Python, Statistics, Git",42,2025-09-26,Applied,False,
C0467,Ananya Singh,Male,BCA,3,Bengaluru,Data Scientist,LinkedIn,"Python, Statistics, Machine Learning, Java, SQL",75,2025-01-23,Shortlisted,True,
C0468,Imran Menon,Female,MCA,4,Mumbai,Data Analyst,Company Website,"SQL, Excel, Power BI, HTML/CSS, Tableau, AWS",94,2025-04-18,Selected,True,31.0
C0469,Keerthi Nair,Male,B.E.,5,Hyderabad,Business Analyst,Indeed,"Power BI, Statistics, Java",78,2025-01-08,Rejected,False,
C0470,Keerthi Ali,Female,MBA,1,Mumbai,Software Developer,Referral,"Tableau, AWS, Java",65,2025-03-29,Rejected,False,
C0471,Sneha Ahmed,Female,B.Tech,5,Kochi,Software Developer,Job Fair,"Communication, SQL, Python",70,2025-01-26,Rejected,False,
C0472,Santhosh Patel,Female,MCA,2,Kochi,HR Analyst,Company Website,"Power BI, Git, Statistics, Python, Machine Learning",70,2025-06-09,Applied,False,
C0473,Aditya Patel,Male,BCA,2,Bengaluru,HR Analyst,Referral,"Machine Learning, Power BI, Git, Excel, Tableau, Statistics",55,2025-12-17,Shortlisted,True,
C0474,Priya Reddy,Male,BCA,0,Kochi,Business Analyst,LinkedIn,"Java, Machine Learning, Git",52,2025-09-01,Screening,False,
C0475,Meera Singh,Male,MCA,5,Hyderabad,QA Engineer,Referral,"Java, Statistics, Python",75,2025-07-27,Rejected,False,
C0476,Kavin Joseph,Male,MCA,0,Pune,Data Scientist,LinkedIn,"Python, Statistics, Machine Learning, Communication, Java",57,2025-05-05,Shortlisted,True,
C0477,Ananya Das,Male,MCA,5,Singapore,Data Scientist,Referral,"Python, Statistics, Machine Learning, Git, HTML/CSS",85,2025-05-01,Applied,False,
C0478,Rohan Ali,Female,MCA,0,Bengaluru,Business Analyst,Naukri,"Communication, Python, AWS, Git, HTML/CSS",56,2025-04-01,Screening,False,
C0479,Imran Singh,Male,B.E.,4,Hyderabad,Data Analyst,Job Fair,"SQL, Excel, Power BI, Git, HTML/CSS",68,2025-11-22,Rejected,False,
C0480,Arjun Das,Female,MCA,1,Kochi,Data Scientist,LinkedIn,"Python, Statistics, Machine Learning, Tableau, AWS, HTML/CSS",55,2025-12-15,Interview,True,
C0481,Aarav Rao,Male,MCA,2,Pune,QA Engineer,Naukri,"Java, Statistics, SQL",55,2025-05-31,Rejected,False,
C0482,Aditya Ahmed,Female,M.Tech,3,Mumbai,Data Analyst,Naukri,"SQL, Excel, Power BI, HTML/CSS, AWS, Communication",72,2025-05-01,Applied,False,
C0483,Aarav Sharma,Female,B.E.,3,Kochi,HR Analyst,LinkedIn,"Java, Communication, Excel, Tableau, AWS, Python",67,2025-10-12,Interview,True,
C0484,Imran Bose,Male,MBA,0,Kochi,Software Developer,Company Website,"Excel, Git, Communication",53,2025-03-11,Selected,True,34.0
C0485,Aarav Das,Male,B.E.,5,Kochi,QA Engineer,Referral,"Communication, Java, Power BI, Excel, HTML/CSS, Tableau",98,2025-10-10,Screening,False,
C0486,Ananya Das,Male,B.E.,3,Mumbai,HR Analyst,Indeed,"SQL, HTML/CSS, AWS, Machine Learning, Java",64,2025-10-07,Screening,False,
C0487,Nisha Ali,Female,B.Tech,3,Hyderabad,HR Analyst,Company Website,"Machine Learning, Statistics, Python, Git, AWS",79,2025-09-27,Rejected,False,
C0488,Fathima Das,Male,MBA,5,Mumbai,HR Analyst,Company Website,"Machine Learning, HTML/CSS, Statistics",79,2025-06-25,Shortlisted,True,
C0489,Santhosh Patel,Female,B.Sc,5,Mumbai,Data Scientist,Indeed,"Python, Statistics, Machine Learning, HTML/CSS, AWS, Tableau",77,2025-01-19,Rejected,False,
C0490,Zoya Reddy,Male,B.Sc,4,Chennai,HR Analyst,Indeed,"Statistics, Python, Tableau, AWS",77,2025-02-12,Selected,True,11.0
C0491,Vikram Khan,Female,B.Tech,1,Bengaluru,Business Analyst,Company Website,"Git, Machine Learning, Java, Excel",53,2025-10-30,Shortlisted,True,
C0492,Aditya Iyer,Male,B.E.,4,Chennai,Data Scientist,Indeed,"Python, Statistics, Machine Learning, AWS, Excel, Communication",83,2025-02-13,Shortlisted,True,
C0493,Aisha Patel,Male,MBA,2,Hyderabad,HR Analyst,LinkedIn,"Git, Tableau, Python",76,2025-06-26,Interview,True,
C0494,Vikram Patel,Male,BCA,3,Mumbai,Data Scientist,Referral,"Python, Statistics, Machine Learning, Communication, Git, HTML/CSS",60,2025-09-30,Interview,True,
C0495,Sneha Das,Male,B.Sc,1,Kochi,Data Analyst,Indeed,"SQL, Excel, Power BI, Python, Statistics, Java",62,2025-06-11,Rejected,False,
C0496,Priya Nair,Female,B.Sc,5,Mumbai,Business Analyst,Naukri,"Machine Learning, Git, Power BI, AWS, Java, HTML/CSS",86,2025-05-11,Rejected,False,
C0497,Nisha Rao,Male,B.Tech,4,Bengaluru,HR Analyst,LinkedIn,"Git, Machine Learning, Java",60,2025-02-20,Screening,False,
C0498,Zoya Menon,Female,B.E.,4,Chennai,Business Analyst,LinkedIn,"AWS, Git, Power BI",78,2025-02-17,Rejected,False,
C0499,Priya Reddy,Male,B.Tech,3,Bengaluru,HR Analyst,Naukri,"Git, HTML/CSS, AWS, Excel, Python, Java",73,2025-03-08,Rejected,False,
C0500,Arjun Reddy,Female,MBA,0,Bengaluru,Data Scientist,Company Website,"Python, Statistics, Machine Learning, HTML/CSS, Git, Java",42,2025-05-22,Shortlisted,True,
